--
-- Create BLC PERMISSIONS (These permissions are required for the admin)
--
INSERT INTO BLC_ADMIN_PERMISSION (ADMIN_PERMISSION_ID, DESCRIPTION, NAME, PERMISSION_TYPE, IS_FRIENDLY) VALUES (-1,'Default Permission','PERMISSION_OTHER_DEFAULT', 'OTHER', FALSE);

-- Admin User
INSERT INTO BLC_ADMIN_PERMISSION (ADMIN_PERMISSION_ID, DESCRIPTION, NAME, PERMISSION_TYPE, IS_FRIENDLY) VALUES (-26,'Read Admin User','PERMISSION_READ_ADMIN_USER', 'READ', FALSE);
INSERT INTO BLC_ADMIN_PERMISSION (ADMIN_PERMISSION_ID, DESCRIPTION, NAME, PERMISSION_TYPE, IS_FRIENDLY) VALUES (-27,'All Admin User','PERMISSION_ALL_ADMIN_USER', 'ALL', FALSE);
INSERT INTO BLC_ADMIN_PERMISSION_ENTITY (ADMIN_PERMISSION_ENTITY_ID, CEILING_ENTITY, ADMIN_PERMISSION_ID) VALUES (-720, 'org.broadleafcommerce.openadmin.server.security.domain.AdminUser', -26);
INSERT INTO BLC_ADMIN_PERMISSION_ENTITY (ADMIN_PERMISSION_ENTITY_ID, CEILING_ENTITY, ADMIN_PERMISSION_ID) VALUES (-721, 'org.broadleafcommerce.openadmin.server.security.domain.AdminUser', -27);

-- Moved Below to Admin Role and Admin Permission
-- INSERT INTO BLC_ADMIN_PERMISSION_ENTITY (ADMIN_PERMISSION_ENTITY_ID, CEILING_ENTITY, ADMIN_PERMISSION_ID) VALUES (-722, 'org.broadleafcommerce.openadmin.server.security.domain.AdminRole', -26);
-- INSERT INTO BLC_ADMIN_PERMISSION_ENTITY (ADMIN_PERMISSION_ENTITY_ID, CEILING_ENTITY, ADMIN_PERMISSION_ID) VALUES (-723, 'org.broadleafcommerce.openadmin.server.security.domain.AdminRole', -27);
-- INSERT INTO BLC_ADMIN_PERMISSION_ENTITY (ADMIN_PERMISSION_ENTITY_ID, CEILING_ENTITY, ADMIN_PERMISSION_ID) VALUES (-724, 'org.broadleafcommerce.openadmin.server.security.domain.AdminPermission', -26);
-- INSERT INTO BLC_ADMIN_PERMISSION_ENTITY (ADMIN_PERMISSION_ENTITY_ID, CEILING_ENTITY, ADMIN_PERMISSION_ID) VALUES (-725, 'org.broadleafcommerce.openadmin.server.security.domain.AdminPermission', -27);

-- Broadleaf Currency
INSERT INTO BLC_ADMIN_PERMISSION (ADMIN_PERMISSION_ID, DESCRIPTION, NAME, PERMISSION_TYPE, IS_FRIENDLY) VALUES (-34,'Read Currency','PERMISSION_READ_CURRENCY', 'READ', FALSE);
INSERT INTO BLC_ADMIN_PERMISSION (ADMIN_PERMISSION_ID, DESCRIPTION, NAME, PERMISSION_TYPE, IS_FRIENDLY) VALUES (-35,'All Currency','PERMISSION_ALL_CURRENCY', 'ALL', FALSE);
INSERT INTO BLC_ADMIN_PERMISSION_ENTITY (ADMIN_PERMISSION_ENTITY_ID, CEILING_ENTITY, ADMIN_PERMISSION_ID) VALUES (-850, 'org.broadleafcommerce.common.currency.domain.BroadleafCurrency', -34);
INSERT INTO BLC_ADMIN_PERMISSION_ENTITY (ADMIN_PERMISSION_ENTITY_ID, CEILING_ENTITY, ADMIN_PERMISSION_ID) VALUES (-851, 'org.broadleafcommerce.common.currency.domain.BroadleafCurrency', -35);

-- Module Configuration
INSERT INTO BLC_ADMIN_PERMISSION (ADMIN_PERMISSION_ID, DESCRIPTION, NAME, PERMISSION_TYPE, IS_FRIENDLY) VALUES (-36,'Read Configuration','PERMISSION_READ_MODULECONFIGURATION', 'READ', FALSE);
INSERT INTO BLC_ADMIN_PERMISSION (ADMIN_PERMISSION_ID, DESCRIPTION, NAME, PERMISSION_TYPE, IS_FRIENDLY) VALUES (-37,'All Configuration','PERMISSION_ALL_MODULECONFIGURATION', 'ALL', FALSE);
INSERT INTO BLC_ADMIN_PERMISSION_ENTITY (ADMIN_PERMISSION_ENTITY_ID, CEILING_ENTITY, ADMIN_PERMISSION_ID) VALUES (-880, 'org.broadleafcommerce.common.config.domain.ModuleConfiguration', -36);
INSERT INTO BLC_ADMIN_PERMISSION_ENTITY (ADMIN_PERMISSION_ENTITY_ID, CEILING_ENTITY, ADMIN_PERMISSION_ID) VALUES (-881, 'org.broadleafcommerce.common.config.domain.ModuleConfiguration', -37);

-- Data Driven Enumerations
INSERT INTO BLC_ADMIN_PERMISSION (ADMIN_PERMISSION_ID, DESCRIPTION, NAME, PERMISSION_TYPE, IS_FRIENDLY) VALUES (-38,'Read Enumeration','PERMISSION_READ_ENUMERATION', 'READ', FALSE);
INSERT INTO BLC_ADMIN_PERMISSION (ADMIN_PERMISSION_ID, DESCRIPTION, NAME, PERMISSION_TYPE, IS_FRIENDLY) VALUES (-39,'All Enumeration','PERMISSION_ALL_ENUMERATION', 'ALL', FALSE);
INSERT INTO BLC_ADMIN_PERMISSION_ENTITY (ADMIN_PERMISSION_ENTITY_ID, CEILING_ENTITY, ADMIN_PERMISSION_ID) VALUES (-900, 'org.broadleafcommerce.common.enumeration.domain.DataDrivenEnumeration', -38);
INSERT INTO BLC_ADMIN_PERMISSION_ENTITY (ADMIN_PERMISSION_ENTITY_ID, CEILING_ENTITY, ADMIN_PERMISSION_ID) VALUES (-901, 'org.broadleafcommerce.common.enumeration.domain.DataDrivenEnumeration', -39);
INSERT INTO BLC_ADMIN_PERMISSION_ENTITY (ADMIN_PERMISSION_ENTITY_ID, CEILING_ENTITY, ADMIN_PERMISSION_ID) VALUES (-902, 'org.broadleafcommerce.common.enumeration.domain.DataDrivenEnumerationValue', -38);
INSERT INTO BLC_ADMIN_PERMISSION_ENTITY (ADMIN_PERMISSION_ENTITY_ID, CEILING_ENTITY, ADMIN_PERMISSION_ID) VALUES (-903, 'org.broadleafcommerce.common.enumeration.domain.DataDrivenEnumerationValue', -39);

-- Translations
INSERT INTO BLC_ADMIN_PERMISSION (ADMIN_PERMISSION_ID, DESCRIPTION, NAME, PERMISSION_TYPE, IS_FRIENDLY) VALUES (-40,'Read Translation','PERMISSION_READ_TRANSLATION', 'READ', FALSE);
INSERT INTO BLC_ADMIN_PERMISSION (ADMIN_PERMISSION_ID, DESCRIPTION, NAME, PERMISSION_TYPE, IS_FRIENDLY) VALUES (-41,'All Translation','PERMISSION_ALL_TRANSLATION', 'ALL', FALSE);
INSERT INTO BLC_ADMIN_PERMISSION_ENTITY (ADMIN_PERMISSION_ENTITY_ID, CEILING_ENTITY, ADMIN_PERMISSION_ID) VALUES (-910, 'org.broadleafcommerce.common.i18n.domain.Translation', -40);
INSERT INTO BLC_ADMIN_PERMISSION_ENTITY (ADMIN_PERMISSION_ENTITY_ID, CEILING_ENTITY, ADMIN_PERMISSION_ID) VALUES (-911, 'org.broadleafcommerce.common.i18n.domain.Translation', -41);

-- System Properties
INSERT INTO BLC_ADMIN_PERMISSION (ADMIN_PERMISSION_ID, DESCRIPTION, NAME, PERMISSION_TYPE, IS_FRIENDLY) VALUES (-44,'Read System Property','PERMISSION_READ_SYSTEM_PROPERTY', 'READ', FALSE);
INSERT INTO BLC_ADMIN_PERMISSION (ADMIN_PERMISSION_ID, DESCRIPTION, NAME, PERMISSION_TYPE, IS_FRIENDLY) VALUES (-45,'All System Property','PERMISSION_ALL_SYSTEM_PROPERTY', 'ALL', FALSE);
INSERT INTO BLC_ADMIN_PERMISSION_ENTITY (ADMIN_PERMISSION_ENTITY_ID, CEILING_ENTITY, ADMIN_PERMISSION_ID) VALUES (-960, 'org.broadleafcommerce.common.config.domain.SystemProperty', -44);
INSERT INTO BLC_ADMIN_PERMISSION_ENTITY (ADMIN_PERMISSION_ENTITY_ID, CEILING_ENTITY, ADMIN_PERMISSION_ID) VALUES (-961, 'org.broadleafcommerce.common.config.domain.SystemProperty', -45);

-- Admin Roles
INSERT INTO BLC_ADMIN_PERMISSION (ADMIN_PERMISSION_ID, DESCRIPTION, NAME, PERMISSION_TYPE, IS_FRIENDLY) VALUES (-46,'Read Admin Roles','PERMISSION_READ_ADMIN_ROLES', 'READ', FALSE);
INSERT INTO BLC_ADMIN_PERMISSION (ADMIN_PERMISSION_ID, DESCRIPTION, NAME, PERMISSION_TYPE, IS_FRIENDLY) VALUES (-47,'All Admin Roles','PERMISSION_ALL_ADMIN_ROLES', 'ALL', FALSE);
INSERT INTO BLC_ADMIN_PERMISSION_ENTITY (ADMIN_PERMISSION_ENTITY_ID, CEILING_ENTITY, ADMIN_PERMISSION_ID) VALUES (-970, 'org.broadleafcommerce.openadmin.server.security.domain.AdminRole', -46);
INSERT INTO BLC_ADMIN_PERMISSION_ENTITY (ADMIN_PERMISSION_ENTITY_ID, CEILING_ENTITY, ADMIN_PERMISSION_ID) VALUES (-971, 'org.broadleafcommerce.openadmin.server.security.domain.AdminRole', -47);

-- Admin Permissions
INSERT INTO BLC_ADMIN_PERMISSION (ADMIN_PERMISSION_ID, DESCRIPTION, NAME, PERMISSION_TYPE, IS_FRIENDLY) VALUES (-48,'Read Admin Permissions','PERMISSION_READ_ADMIN_PERMS', 'READ', FALSE);
INSERT INTO BLC_ADMIN_PERMISSION (ADMIN_PERMISSION_ID, DESCRIPTION, NAME, PERMISSION_TYPE, IS_FRIENDLY) VALUES (-49,'All Admin Permissions','PERMISSION_ALL_ADMIN_PERMS', 'ALL', FALSE);
INSERT INTO BLC_ADMIN_PERMISSION_ENTITY (ADMIN_PERMISSION_ENTITY_ID, CEILING_ENTITY, ADMIN_PERMISSION_ID) VALUES (-980, 'org.broadleafcommerce.openadmin.server.security.domain.AdminPermission', -49);
INSERT INTO BLC_ADMIN_PERMISSION_ENTITY (ADMIN_PERMISSION_ENTITY_ID, CEILING_ENTITY, ADMIN_PERMISSION_ID) VALUES (-981, 'org.broadleafcommerce.openadmin.server.security.domain.AdminPermission', -48);
INSERT INTO BLC_ADMIN_PERMISSION_ENTITY (ADMIN_PERMISSION_ENTITY_ID, CEILING_ENTITY, ADMIN_PERMISSION_ID) VALUES (-982, 'org.broadleafcommerce.openadmin.server.security.domain.AdminPermissionQualifiedEntity', -49);
INSERT INTO BLC_ADMIN_PERMISSION_ENTITY (ADMIN_PERMISSION_ENTITY_ID, CEILING_ENTITY, ADMIN_PERMISSION_ID) VALUES (-983, 'org.broadleafcommerce.openadmin.server.security.domain.AdminPermissionQualifiedEntity', -48);

-- ISO Countries
INSERT INTO BLC_ADMIN_PERMISSION (ADMIN_PERMISSION_ID, DESCRIPTION, NAME, PERMISSION_TYPE, IS_FRIENDLY) VALUES (-54,'Read ISO Countries','PERMISSION_READ_ISO_COUNTRIES', 'READ', FALSE);
INSERT INTO BLC_ADMIN_PERMISSION (ADMIN_PERMISSION_ID, DESCRIPTION, NAME, PERMISSION_TYPE, IS_FRIENDLY) VALUES (-55,'All ISO COUNTRIES','PERMISSION_ALL_ISO_COUNTRIES', 'ALL', FALSE);
INSERT INTO BLC_ADMIN_PERMISSION_ENTITY (ADMIN_PERMISSION_ENTITY_ID, CEILING_ENTITY, ADMIN_PERMISSION_ID) VALUES (-1010, 'org.broadleafcommerce.common.i18n.domain.ISOCountry', -54);
INSERT INTO BLC_ADMIN_PERMISSION_ENTITY (ADMIN_PERMISSION_ENTITY_ID, CEILING_ENTITY, ADMIN_PERMISSION_ID) VALUES (-1011, 'org.broadleafcommerce.common.i18n.domain.ISOCountry', -55);

-- user read
INSERT INTO BLC_ADMIN_PERMISSION (ADMIN_PERMISSION_ID, DESCRIPTION, NAME, PERMISSION_TYPE, IS_FRIENDLY) VALUES (-120,'View Users','PERMISSION_USER', 'READ', TRUE);
-- user read permission
INSERT INTO BLC_ADMIN_PERMISSION_XREF (ADMIN_PERMISSION_ID, CHILD_PERMISSION_ID) VALUES (-120, -26);
-- view admin roles
INSERT INTO BLC_ADMIN_PERMISSION_XREF (ADMIN_PERMISSION_ID, CHILD_PERMISSION_ID) VALUES (-120, -46);
-- view admin permissions
INSERT INTO BLC_ADMIN_PERMISSION_XREF (ADMIN_PERMISSION_ID, CHILD_PERMISSION_ID) VALUES (-120, -48);

-- user all
INSERT INTO BLC_ADMIN_PERMISSION (ADMIN_PERMISSION_ID, DESCRIPTION, NAME, PERMISSION_TYPE, IS_FRIENDLY) VALUES (-121,'Maintain Users','PERMISSION_USER', 'ALL', TRUE);
-- user all permission
INSERT INTO BLC_ADMIN_PERMISSION_XREF (ADMIN_PERMISSION_ID, CHILD_PERMISSION_ID) VALUES (-121, -27);
-- view admin roles
INSERT INTO BLC_ADMIN_PERMISSION_XREF (ADMIN_PERMISSION_ID, CHILD_PERMISSION_ID) VALUES (-120, -46);
-- view admin permissions
INSERT INTO BLC_ADMIN_PERMISSION_XREF (ADMIN_PERMISSION_ID, CHILD_PERMISSION_ID) VALUES (-120, -48);

-- module configration read
INSERT INTO BLC_ADMIN_PERMISSION (ADMIN_PERMISSION_ID, DESCRIPTION, NAME, PERMISSION_TYPE, IS_FRIENDLY) VALUES (-126,'View Module Configurations','PERMISSION_MODULECONFIGURATION', 'READ', TRUE);
-- module configration read permission
INSERT INTO BLC_ADMIN_PERMISSION_XREF (ADMIN_PERMISSION_ID, CHILD_PERMISSION_ID) VALUES (-126, -36);

-- module configration all
INSERT INTO BLC_ADMIN_PERMISSION (ADMIN_PERMISSION_ID, DESCRIPTION, NAME, PERMISSION_TYPE, IS_FRIENDLY) VALUES (-127,'Maintain Module Configurations','PERMISSION_MODULECONFIGURATION', 'ALL', TRUE);
-- module configration all permission
INSERT INTO BLC_ADMIN_PERMISSION_XREF (ADMIN_PERMISSION_ID, CHILD_PERMISSION_ID) VALUES (-127, -37);

-- translation read
INSERT INTO BLC_ADMIN_PERMISSION (ADMIN_PERMISSION_ID, DESCRIPTION, NAME, PERMISSION_TYPE, IS_FRIENDLY) VALUES (-130,'View Translations','PERMISSION_TRANSLATION', 'READ', TRUE);
-- translation read permission
INSERT INTO BLC_ADMIN_PERMISSION_XREF (ADMIN_PERMISSION_ID, CHILD_PERMISSION_ID) VALUES (-130, -40);

-- translation all
INSERT INTO BLC_ADMIN_PERMISSION (ADMIN_PERMISSION_ID, DESCRIPTION, NAME, PERMISSION_TYPE, IS_FRIENDLY) VALUES (-131,'Maintain Translations','PERMISSION_TRANSLATION', 'ALL', TRUE);
-- translation all permission
INSERT INTO BLC_ADMIN_PERMISSION_XREF (ADMIN_PERMISSION_ID, CHILD_PERMISSION_ID) VALUES (-131, -41);


-- roles read
INSERT INTO BLC_ADMIN_PERMISSION (ADMIN_PERMISSION_ID, DESCRIPTION, NAME, PERMISSION_TYPE, IS_FRIENDLY) VALUES (-140,'View Roles','PERMISSION_ROLE_VIEW', 'READ', TRUE);
-- view admin roles
INSERT INTO BLC_ADMIN_PERMISSION_XREF (ADMIN_PERMISSION_ID, CHILD_PERMISSION_ID) VALUES (-140, -46);
-- view admin permissions
INSERT INTO BLC_ADMIN_PERMISSION_XREF (ADMIN_PERMISSION_ID, CHILD_PERMISSION_ID) VALUES (-140, -48);

-- roles all
INSERT INTO BLC_ADMIN_PERMISSION (ADMIN_PERMISSION_ID, DESCRIPTION, NAME, PERMISSION_TYPE, IS_FRIENDLY) VALUES (-141,'Maintain Roles','PERMISSION_ROLE_ALL', 'ALL', TRUE);
-- all admin roles
INSERT INTO BLC_ADMIN_PERMISSION_XREF (ADMIN_PERMISSION_ID, CHILD_PERMISSION_ID) VALUES (-141, -47);
-- view admin permissions
INSERT INTO BLC_ADMIN_PERMISSION_XREF (ADMIN_PERMISSION_ID, CHILD_PERMISSION_ID) VALUES (-141, -48);


-- permissions read
INSERT INTO BLC_ADMIN_PERMISSION (ADMIN_PERMISSION_ID, DESCRIPTION, NAME, PERMISSION_TYPE, IS_FRIENDLY) VALUES (-150,'View Permissions','PERMISSION_PERM_VIEW', 'READ', TRUE);
-- view permissions
INSERT INTO BLC_ADMIN_PERMISSION_XREF (ADMIN_PERMISSION_ID, CHILD_PERMISSION_ID) VALUES (-150, -48);

-- roles all
INSERT INTO BLC_ADMIN_PERMISSION (ADMIN_PERMISSION_ID, DESCRIPTION, NAME, PERMISSION_TYPE, IS_FRIENDLY) VALUES (-151,'Maintain Permissions','PERMISSION_PERM_ALL', 'ALL', TRUE);
-- all admin roles
INSERT INTO BLC_ADMIN_PERMISSION_XREF (ADMIN_PERMISSION_ID, CHILD_PERMISSION_ID) VALUES (-151, -49);


-- These are extra permissions that do not have sections in the admin associated to them
-- enumeration read
INSERT INTO BLC_ADMIN_PERMISSION (ADMIN_PERMISSION_ID, DESCRIPTION, NAME, PERMISSION_TYPE, IS_FRIENDLY) VALUES (-128,'View Enumeration','PERMISSION_ENUMERATION', 'READ', TRUE);
--  enumeration read permission
INSERT INTO BLC_ADMIN_PERMISSION_XREF (ADMIN_PERMISSION_ID, CHILD_PERMISSION_ID) VALUES (-128, -38);

--  enumeration all
INSERT INTO BLC_ADMIN_PERMISSION (ADMIN_PERMISSION_ID, DESCRIPTION, NAME, PERMISSION_TYPE, IS_FRIENDLY) VALUES (-129,'Maintain Enumeration','PERMISSION_ENUMERATION', 'ALL', TRUE);
--  enumeration all permission
INSERT INTO BLC_ADMIN_PERMISSION_XREF (ADMIN_PERMISSION_ID, CHILD_PERMISSION_ID) VALUES ( -129, -39);

--  currency read
INSERT INTO BLC_ADMIN_PERMISSION (ADMIN_PERMISSION_ID, DESCRIPTION, NAME, PERMISSION_TYPE, IS_FRIENDLY) VALUES (-136,'View Currency','PERMISSION_CURRENCY', 'READ', TRUE);
--  currency read permission
INSERT INTO BLC_ADMIN_PERMISSION_XREF (ADMIN_PERMISSION_ID, CHILD_PERMISSION_ID) VALUES (-136, -34);

--  currency all
INSERT INTO BLC_ADMIN_PERMISSION (ADMIN_PERMISSION_ID, DESCRIPTION, NAME, PERMISSION_TYPE, IS_FRIENDLY) VALUES (-137,'Maintain Currency','PERMISSION_CURRENCY', 'ALL', TRUE);
--  currency all permission
INSERT INTO BLC_ADMIN_PERMISSION_XREF (ADMIN_PERMISSION_ID, CHILD_PERMISSION_ID) VALUES (-137, -35);

--  ISO Country read
INSERT INTO BLC_ADMIN_PERMISSION (ADMIN_PERMISSION_ID, DESCRIPTION, NAME, PERMISSION_TYPE, IS_FRIENDLY) VALUES (-170,'View ISO Countries','PERMISSION_ISO_COUNTRY', 'READ', TRUE);
--  ISO Country read permission
INSERT INTO BLC_ADMIN_PERMISSION_XREF (ADMIN_PERMISSION_ID, CHILD_PERMISSION_ID) VALUES (-170, -54);

--  ISO Country all
INSERT INTO BLC_ADMIN_PERMISSION (ADMIN_PERMISSION_ID, DESCRIPTION, NAME, PERMISSION_TYPE, IS_FRIENDLY) VALUES (-171,'Maintain ISO Countries','PERMISSION_ISO_COUNTRY', 'ALL', TRUE);
--  ISO Country all permission
INSERT INTO BLC_ADMIN_PERMISSION_XREF (ADMIN_PERMISSION_ID, CHILD_PERMISSION_ID) VALUES (-171, -55);

-- link permissions to the master access role
INSERT INTO BLC_ADMIN_ROLE_PERMISSION_XREF (ADMIN_ROLE_ID, ADMIN_PERMISSION_ID) VALUES (-1,-121);
INSERT INTO BLC_ADMIN_ROLE_PERMISSION_XREF (ADMIN_ROLE_ID, ADMIN_PERMISSION_ID) VALUES (-1,-127);
INSERT INTO BLC_ADMIN_ROLE_PERMISSION_XREF (ADMIN_ROLE_ID, ADMIN_PERMISSION_ID) VALUES (-1,-131);
INSERT INTO BLC_ADMIN_ROLE_PERMISSION_XREF (ADMIN_ROLE_ID, ADMIN_PERMISSION_ID) VALUES (-1,-141);